<?xml version="1.0" encoding="UTF-8"?>
<?mso-application progid="Excel.Sheet"?><Workbook xmlns="urn:schemas-microsoft-com:office:spreadsheet" xmlns:c="urn:schemas-microsoft-com:office:component:spreadsheet" xmlns:html="http://www.w3.org/TR/REC-html40" xmlns:o="urn:schemas-microsoft-com:office:office" xmlns:ss="urn:schemas-microsoft-com:office:spreadsheet" xmlns:x2="http://schemas.microsoft.com/office/excel/2003/xml" xmlns:x="urn:schemas-microsoft-com:office:excel" xmlns:xsi="http://www.w3.org/2001/XMLSchema-instance"><OfficeDocumentSettings xmlns="urn:schemas-microsoft-com:office:office"><Colors><Color><Index>3</Index><RGB>#c0c0c0</RGB></Color><Color><Index>4</Index><RGB>#dcdcdc</RGB></Color><Color><Index>5</Index><RGB>#ff0000</RGB></Color><Color><Index>6</Index><RGB>#ffff99</RGB></Color></Colors></OfficeDocumentSettings><ExcelWorkbook xmlns="urn:schemas-microsoft-com:office:excel"><WindowHeight>9000</WindowHeight><WindowWidth>13860</WindowWidth><WindowTopX>240</WindowTopX><WindowTopY>75</WindowTopY><ProtectStructure>False</ProtectStructure><ProtectWindows>False</ProtectWindows></ExcelWorkbook><Styles><Style ss:ID="Default" ss:Name="Default"/><Style ss:ID="Result" ss:Name="Result"><Font ss:Bold="1" ss:Italic="1" ss:Underline="Single"/></Style><Style ss:ID="Result2" ss:Name="Result2"><Font ss:Bold="1" ss:Italic="1" ss:Underline="Single"/><NumberFormat ss:Format="Currency"/></Style><Style ss:ID="Heading" ss:Name="Heading"><Font ss:Bold="1" ss:Italic="1" ss:Size="16"/></Style><Style ss:ID="Heading1" ss:Name="Heading1"><Font ss:Bold="1" ss:Italic="1" ss:Size="16"/></Style><Style ss:ID="co1"/><Style ss:ID="co2"/><Style ss:ID="co3"/><Style ss:ID="co4"/><Style ss:ID="co5"/><Style ss:ID="co6"/><Style ss:ID="ta1"/><Style ss:ID="ce2"><Interior ss:Color="#ffff99" ss:Pattern="Solid"/></Style><Style ss:ID="ce6"><Interior ss:Color="#dcdcdc" ss:Pattern="Solid"/></Style><Style ss:ID="ce7"><NumberFormat ss:Format="Short Date"/></Style><Style ss:ID="ce5"><Interior ss:Color="#ffff99" ss:Pattern="Solid"/></Style><Style ss:ID="ce8"><Interior ss:Color="#dcdcdc" ss:Pattern="Solid"/></Style><Style ss:ID="ce9"><NumberFormat ss:Format="Short Date"/></Style></Styles><ss:Worksheet ss:Name="Sheet1"><Table ss:StyleID="ta1"><Column ss:Width="79.7386"/><Column ss:Width="64.2614"/><Column ss:Width="30.3591"/><Column ss:Width="64.0063"/><Column ss:Width="48.8409"/><Column ss:Width="41.1591"/><Column ss:Width="64.2614"/><Column ss:Span="1014" ss:Width="64.2614"/><Row ss:Height="12.8126"><Cell ss:StyleID="ce5"><Data ss:Type="String">HospitalNumber</Data></Cell><Cell ss:StyleID="ce5"><Data ss:Type="String">NHSNumber</Data></Cell><Cell ss:StyleID="ce5"><Data ss:Type="String">Title</Data></Cell><Cell ss:StyleID="ce5"><Data ss:Type="String">Forename</Data></Cell><Cell ss:StyleID="ce5"><Data ss:Type="String">Surname</Data></Cell><Cell ss:StyleID="ce5"><Data ss:Type="String">Gender</Data></Cell><Cell ss:StyleID="ce5"><Data ss:Type="String">DateOfBirth</Data></Cell><Cell ss:StyleID="ce5"><Data ss:Type="String">Address</Data></Cell><Cell ss:StyleID="ce5"><Data ss:Type="String">Town</Data></Cell><Cell ss:StyleID="ce5"><Data ss:Type="String">Postcode</Data></Cell><Cell ss:StyleID="ce5"/><Cell ss:StyleID="ce5"/><Cell ss:StyleID="ce5"/><Cell ss:StyleID="ce5"/><Cell ss:StyleID="ce5"/><Cell ss:StyleID="ce5"/><Cell ss:StyleID="ce5"/><Cell ss:StyleID="ce5"/><Cell ss:StyleID="ce5"/><Cell ss:StyleID="ce5"/><Cell ss:StyleID="ce5"/><Cell ss:StyleID="ce5"/><Cell ss:StyleID="ce5"/><Cell ss:StyleID="ce5"/><Cell ss:StyleID="ce5"/><Cell ss:StyleID="ce5"/><Cell ss:StyleID="ce5"/><Cell ss:StyleID="ce5"/><Cell ss:StyleID="ce5"/><Cell ss:StyleID="ce5"/><Cell ss:StyleID="ce5"/><Cell ss:StyleID="ce5"/><Cell ss:StyleID="ce5"/><Cell ss:StyleID="ce5"/><Cell ss:StyleID="ce5"/><Cell ss:StyleID="ce5"/><Cell ss:StyleID="ce5"/><Cell ss:StyleID="ce5"/><Cell ss:StyleID="ce5"/><Cell ss:StyleID="ce5"/><Cell ss:StyleID="ce5"/><Cell ss:StyleID="ce5"/><Cell ss:StyleID="ce5"/><Cell ss:StyleID="ce5"/><Cell ss:StyleID="ce5"/><Cell ss:StyleID="ce5"/><Cell ss:StyleID="ce5"/><Cell ss:StyleID="ce5"/><Cell ss:StyleID="ce5"/><Cell ss:StyleID="ce5"/><Cell ss:StyleID="ce5"/><Cell ss:StyleID="ce5"/><Cell ss:StyleID="ce5"/><Cell ss:StyleID="ce5"/><Cell ss:StyleID="ce5"/><Cell ss:StyleID="ce5"/><Cell ss:StyleID="ce5"/><Cell ss:StyleID="ce5"/><Cell ss:StyleID="ce5"/><Cell ss:StyleID="ce5"/><Cell ss:StyleID="ce5"/><Cell ss:StyleID="ce5"/><Cell ss:StyleID="ce5"/><Cell ss:StyleID="ce5"/><Cell ss:StyleID="ce5"/><Cell ss:StyleID="ce5"/><Cell ss:StyleID="ce5"/><Cell ss:StyleID="ce5"/><Cell ss:StyleID="ce5"/><Cell ss:StyleID="ce5"/><Cell ss:StyleID="ce5"/><Cell ss:StyleID="ce5"/><Cell ss:StyleID="ce5"/><Cell ss:StyleID="ce5"/><Cell ss:StyleID="ce5"/><Cell ss:StyleID="ce5"/><Cell ss:StyleID="ce5"/><Cell ss:StyleID="ce5"/><Cell ss:StyleID="ce5"/><Cell ss:StyleID="ce5"/><Cell ss:StyleID="ce5"/><Cell ss:StyleID="ce5"/><Cell ss:StyleID="ce5"/><Cell ss:StyleID="ce5"/><Cell ss:StyleID="ce5"/><Cell ss:StyleID="ce5"/><Cell ss:StyleID="ce5"/><Cell ss:StyleID="ce5"/><Cell ss:StyleID="ce5"/><Cell ss:StyleID="ce5"/><Cell ss:StyleID="ce5"/><Cell ss:StyleID="ce5"/><Cell ss:StyleID="ce5"/><Cell ss:StyleID="ce5"/><Cell ss:StyleID="ce5"/><Cell ss:StyleID="ce5"/><Cell ss:StyleID="ce5"/><Cell ss:StyleID="ce5"/><Cell ss:StyleID="ce5"/><Cell ss:StyleID="ce5"/><Cell ss:StyleID="ce5"/><Cell ss:StyleID="ce5"/><Cell ss:StyleID="ce5"/><Cell ss:StyleID="ce5"/><Cell ss:StyleID="ce5"/><Cell ss:StyleID="ce5"/><Cell ss:StyleID="ce5"/><Cell ss:StyleID="ce5"/><Cell ss:StyleID="ce5"/><Cell ss:StyleID="ce5"/><Cell ss:StyleID="ce5"/><Cell ss:StyleID="ce5"/><Cell ss:StyleID="ce5"/><Cell ss:StyleID="ce5"/><Cell ss:StyleID="ce5"/><Cell ss:StyleID="ce5"/><Cell ss:StyleID="ce5"/><Cell ss:StyleID="ce5"/><Cell ss:StyleID="ce5"/><Cell ss:StyleID="ce5"/><Cell ss:StyleID="ce5"/><Cell ss:StyleID="ce5"/><Cell ss:StyleID="ce5"/><Cell ss:StyleID="ce5"/><Cell ss:StyleID="ce5"/><Cell ss:StyleID="ce5"/><Cell ss:StyleID="ce5"/><Cell ss:StyleID="ce5"/><Cell ss:StyleID="ce5"/><Cell ss:StyleID="ce5"/><Cell ss:StyleID="ce5"/><Cell ss:StyleID="ce5"/><Cell ss:StyleID="ce5"/><Cell ss:StyleID="ce5"/><Cell ss:StyleID="ce5"/><Cell ss:StyleID="ce5"/><Cell ss:StyleID="ce5"/><Cell ss:StyleID="ce5"/><Cell ss:StyleID="ce5"/><Cell ss:StyleID="ce5"/><Cell ss:StyleID="ce5"/><Cell ss:StyleID="ce5"/><Cell ss:StyleID="ce5"/><Cell ss:StyleID="ce5"/><Cell ss:StyleID="ce5"/><Cell ss:StyleID="ce5"/><Cell ss:StyleID="ce5"/><Cell ss:StyleID="ce5"/><Cell ss:StyleID="ce5"/><Cell ss:StyleID="ce5"/><Cell ss:StyleID="ce5"/><Cell ss:StyleID="ce5"/><Cell ss:StyleID="ce5"/><Cell ss:StyleID="ce5"/><Cell ss:StyleID="ce5"/><Cell ss:StyleID="ce5"/><Cell ss:StyleID="ce5"/><Cell ss:StyleID="ce5"/><Cell ss:StyleID="ce5"/><Cell ss:StyleID="ce5"/><Cell ss:StyleID="ce5"/><Cell ss:StyleID="ce5"/><Cell ss:StyleID="ce5"/><Cell ss:StyleID="ce5"/><Cell ss:StyleID="ce5"/><Cell ss:StyleID="ce5"/><Cell ss:StyleID="ce5"/><Cell ss:StyleID="ce5"/><Cell ss:StyleID="ce5"/><Cell ss:StyleID="ce5"/><Cell ss:StyleID="ce5"/><Cell ss:StyleID="ce5"/><Cell ss:StyleID="ce5"/><Cell ss:StyleID="ce5"/><Cell ss:StyleID="ce5"/><Cell ss:StyleID="ce5"/><Cell ss:StyleID="ce5"/><Cell ss:StyleID="ce5"/><Cell ss:StyleID="ce5"/><Cell ss:StyleID="ce5"/><Cell ss:StyleID="ce5"/><Cell ss:StyleID="ce5"/><Cell ss:StyleID="ce5"/><Cell ss:StyleID="ce5"/><Cell ss:StyleID="ce5"/><Cell ss:StyleID="ce5"/><Cell ss:StyleID="ce5"/><Cell ss:StyleID="ce5"/><Cell ss:StyleID="ce5"/><Cell ss:StyleID="ce5"/><Cell ss:StyleID="ce5"/><Cell ss:StyleID="ce5"/><Cell ss:StyleID="ce5"/><Cell ss:StyleID="ce5"/><Cell ss:StyleID="ce5"/><Cell ss:StyleID="ce5"/><Cell ss:StyleID="ce5"/><Cell ss:StyleID="ce5"/><Cell ss:StyleID="ce5"/><Cell ss:StyleID="ce5"/><Cell ss:StyleID="ce5"/><Cell ss:StyleID="ce5"/><Cell ss:StyleID="ce5"/><Cell ss:StyleID="ce5"/><Cell ss:StyleID="ce5"/><Cell ss:StyleID="ce5"/><Cell ss:StyleID="ce5"/><Cell ss:StyleID="ce5"/><Cell ss:StyleID="ce5"/><Cell ss:StyleID="ce5"/><Cell ss:StyleID="ce5"/><Cell ss:StyleID="ce5"/><Cell ss:StyleID="ce5"/><Cell ss:StyleID="ce5"/><Cell ss:StyleID="ce5"/><Cell ss:StyleID="ce5"/><Cell ss:StyleID="ce5"/><Cell ss:StyleID="ce5"/><Cell ss:StyleID="ce5"/><Cell ss:StyleID="ce5"/><Cell ss:StyleID="ce5"/><Cell ss:StyleID="ce5"/><Cell ss:StyleID="ce5"/><Cell ss:StyleID="ce5"/><Cell ss:StyleID="ce5"/><Cell ss:StyleID="ce5"/><Cell ss:StyleID="ce5"/><Cell ss:StyleID="ce5"/><Cell ss:StyleID="ce5"/><Cell ss:StyleID="ce5"/><Cell ss:StyleID="ce5"/><Cell ss:StyleID="ce5"/><Cell ss:StyleID="ce5"/><Cell ss:StyleID="ce5"/><Cell ss:StyleID="ce5"/><Cell ss:StyleID="ce5"/><Cell ss:StyleID="ce5"/><Cell ss:StyleID="ce5"/><Cell ss:StyleID="ce5"/><Cell ss:StyleID="ce5"/><Cell ss:StyleID="ce5"/><Cell ss:StyleID="ce5"/><Cell ss:StyleID="ce5"/><Cell ss:StyleID="ce5"/><Cell ss:StyleID="ce5"/><Cell ss:StyleID="ce5"/><Cell ss:StyleID="ce5"/><Cell ss:StyleID="ce5"/><Cell ss:StyleID="ce5"/><Cell ss:StyleID="ce5"/><Cell ss:StyleID="ce5"/><Cell ss:StyleID="ce5"/><Cell ss:StyleID="ce5"/><Cell ss:StyleID="ce5"/><Cell ss:StyleID="ce5"/><Cell ss:StyleID="ce5"/><Cell ss:StyleID="ce5"/><Cell ss:StyleID="ce5"/><Cell ss:StyleID="ce5"/><Cell ss:StyleID="ce5"/><Cell ss:StyleID="ce5"/><Cell ss:StyleID="ce5"/><Cell ss:StyleID="ce5"/><Cell ss:StyleID="ce5"/><Cell ss:StyleID="ce5"/><Cell ss:StyleID="ce5"/><Cell ss:StyleID="ce5"/><Cell ss:StyleID="ce5"/><Cell ss:StyleID="ce5"/><Cell ss:StyleID="ce5"/><Cell ss:StyleID="ce5"/><Cell ss:StyleID="ce5"/><Cell ss:StyleID="ce5"/><Cell ss:StyleID="ce5"/><Cell ss:StyleID="ce5"/><Cell ss:StyleID="ce5"/><Cell ss:StyleID="ce5"/><Cell ss:StyleID="ce5"/><Cell ss:StyleID="ce5"/><Cell ss:StyleID="ce5"/><Cell ss:StyleID="ce5"/><Cell ss:StyleID="ce5"/><Cell ss:StyleID="ce5"/><Cell ss:StyleID="ce5"/><Cell ss:StyleID="ce5"/><Cell ss:StyleID="ce5"/><Cell ss:StyleID="ce5"/><Cell ss:StyleID="ce5"/><Cell ss:StyleID="ce5"/><Cell ss:StyleID="ce5"/><Cell ss:StyleID="ce5"/><Cell ss:StyleID="ce5"/><Cell ss:StyleID="ce5"/><Cell ss:StyleID="ce5"/><Cell ss:StyleID="ce5"/><Cell ss:StyleID="ce5"/><Cell ss:StyleID="ce5"/><Cell ss:StyleID="ce5"/><Cell ss:StyleID="ce5"/><Cell ss:StyleID="ce5"/><Cell ss:StyleID="ce5"/><Cell ss:StyleID="ce5"/><Cell ss:StyleID="ce5"/><Cell ss:StyleID="ce5"/><Cell ss:StyleID="ce5"/><Cell ss:StyleID="ce5"/><Cell ss:StyleID="ce5"/><Cell ss:StyleID="ce5"/><Cell ss:StyleID="ce5"/><Cell ss:StyleID="ce5"/><Cell ss:StyleID="ce5"/><Cell ss:StyleID="ce5"/><Cell ss:StyleID="ce5"/><Cell ss:StyleID="ce5"/><Cell ss:StyleID="ce5"/><Cell ss:StyleID="ce5"/><Cell ss:StyleID="ce5"/><Cell ss:StyleID="ce5"/><Cell ss:StyleID="ce5"/><Cell ss:StyleID="ce5"/><Cell ss:StyleID="ce5"/><Cell ss:StyleID="ce5"/><Cell ss:StyleID="ce5"/><Cell ss:StyleID="ce5"/><Cell ss:StyleID="ce5"/><Cell ss:StyleID="ce5"/><Cell ss:StyleID="ce5"/><Cell ss:StyleID="ce5"/><Cell ss:StyleID="ce5"/><Cell ss:StyleID="ce5"/><Cell ss:StyleID="ce5"/><Cell ss:StyleID="ce5"/><Cell ss:StyleID="ce5"/><Cell ss:StyleID="ce5"/><Cell ss:StyleID="ce5"/><Cell ss:StyleID="ce5"/><Cell ss:StyleID="ce5"/><Cell ss:StyleID="ce5"/><Cell ss:StyleID="ce5"/><Cell ss:StyleID="ce5"/><Cell ss:StyleID="ce5"/><Cell ss:StyleID="ce5"/><Cell ss:StyleID="ce5"/><Cell ss:StyleID="ce5"/><Cell ss:StyleID="ce5"/><Cell ss:StyleID="ce5"/><Cell ss:StyleID="ce5"/><Cell ss:StyleID="ce5"/><Cell ss:StyleID="ce5"/><Cell ss:StyleID="ce5"/><Cell ss:StyleID="ce5"/><Cell ss:StyleID="ce5"/><Cell ss:StyleID="ce5"/><Cell ss:StyleID="ce5"/><Cell ss:StyleID="ce5"/><Cell ss:StyleID="ce5"/><Cell ss:StyleID="ce5"/><Cell ss:StyleID="ce5"/><Cell ss:StyleID="ce5"/><Cell ss:StyleID="ce5"/><Cell ss:StyleID="ce5"/><Cell ss:StyleID="ce5"/><Cell ss:StyleID="ce5"/><Cell ss:StyleID="ce5"/><Cell ss:StyleID="ce5"/><Cell ss:StyleID="ce5"/><Cell ss:StyleID="ce5"/><Cell ss:StyleID="ce5"/><Cell ss:StyleID="ce5"/><Cell ss:StyleID="ce5"/><Cell ss:StyleID="ce5"/><Cell ss:StyleID="ce5"/><Cell ss:StyleID="ce5"/><Cell ss:StyleID="ce5"/><Cell ss:StyleID="ce5"/><Cell ss:StyleID="ce5"/><Cell ss:StyleID="ce5"/><Cell ss:StyleID="ce5"/><Cell ss:StyleID="ce5"/><Cell ss:StyleID="ce5"/><Cell ss:StyleID="ce5"/><Cell ss:StyleID="ce5"/><Cell ss:StyleID="ce5"/><Cell ss:StyleID="ce5"/><Cell ss:StyleID="ce5"/><Cell ss:StyleID="ce5"/><Cell ss:StyleID="ce5"/><Cell ss:StyleID="ce5"/><Cell ss:StyleID="ce5"/><Cell ss:StyleID="ce5"/><Cell ss:StyleID="ce5"/><Cell ss:StyleID="ce5"/><Cell ss:StyleID="ce5"/><Cell ss:StyleID="ce5"/><Cell ss:StyleID="ce5"/><Cell ss:StyleID="ce5"/><Cell ss:StyleID="ce5"/><Cell ss:StyleID="ce5"/><Cell ss:StyleID="ce5"/><Cell ss:StyleID="ce5"/><Cell ss:StyleID="ce5"/><Cell ss:StyleID="ce5"/><Cell ss:StyleID="ce5"/><Cell ss:StyleID="ce5"/><Cell ss:StyleID="ce5"/><Cell ss:StyleID="ce5"/><Cell ss:StyleID="ce5"/><Cell ss:StyleID="ce5"/><Cell ss:StyleID="ce5"/><Cell ss:StyleID="ce5"/><Cell ss:StyleID="ce5"/><Cell ss:StyleID="ce5"/><Cell ss:StyleID="ce5"/><Cell ss:StyleID="ce5"/><Cell ss:StyleID="ce5"/><Cell ss:StyleID="ce5"/><Cell ss:StyleID="ce5"/><Cell ss:StyleID="ce5"/><Cell ss:StyleID="ce5"/><Cell ss:StyleID="ce5"/><Cell ss:StyleID="ce5"/><Cell ss:StyleID="ce5"/><Cell ss:StyleID="ce5"/><Cell ss:StyleID="ce5"/><Cell ss:StyleID="ce5"/><Cell ss:StyleID="ce5"/><Cell ss:StyleID="ce5"/><Cell ss:StyleID="ce5"/><Cell ss:StyleID="ce5"/><Cell ss:StyleID="ce5"/><Cell ss:StyleID="ce5"/><Cell ss:StyleID="ce5"/><Cell ss:StyleID="ce5"/><Cell ss:StyleID="ce5"/><Cell ss:StyleID="ce5"/><Cell ss:StyleID="ce5"/><Cell ss:StyleID="ce5"/><Cell ss:StyleID="ce5"/><Cell ss:StyleID="ce5"/><Cell ss:StyleID="ce5"/><Cell ss:StyleID="ce5"/><Cell ss:StyleID="ce5"/><Cell ss:StyleID="ce5"/><Cell ss:StyleID="ce5"/><Cell ss:StyleID="ce5"/><Cell ss:StyleID="ce5"/><Cell ss:StyleID="ce5"/><Cell ss:StyleID="ce5"/><Cell ss:StyleID="ce5"/><Cell ss:StyleID="ce5"/><Cell ss:StyleID="ce5"/><Cell ss:StyleID="ce5"/><Cell ss:StyleID="ce5"/><Cell ss:StyleID="ce5"/><Cell ss:StyleID="ce5"/><Cell ss:StyleID="ce5"/><Cell ss:StyleID="ce5"/><Cell ss:StyleID="ce5"/><Cell ss:StyleID="ce5"/><Cell ss:StyleID="ce5"/><Cell ss:StyleID="ce5"/><Cell ss:StyleID="ce5"/><Cell ss:StyleID="ce5"/><Cell ss:StyleID="ce5"/><Cell ss:StyleID="ce5"/><Cell ss:StyleID="ce5"/><Cell ss:StyleID="ce5"/><Cell ss:StyleID="ce5"/><Cell ss:StyleID="ce5"/><Cell ss:StyleID="ce5"/><Cell ss:StyleID="ce5"/><Cell ss:StyleID="ce5"/><Cell ss:StyleID="ce5"/><Cell ss:StyleID="ce5"/><Cell ss:StyleID="ce5"/><Cell ss:StyleID="ce5"/><Cell ss:StyleID="ce5"/><Cell ss:StyleID="ce5"/><Cell ss:StyleID="ce5"/><Cell ss:StyleID="ce5"/><Cell ss:StyleID="ce5"/><Cell ss:StyleID="ce5"/><Cell ss:StyleID="ce5"/><Cell ss:StyleID="ce5"/><Cell ss:StyleID="ce5"/><Cell ss:StyleID="ce5"/><Cell ss:StyleID="ce5"/><Cell ss:StyleID="ce5"/><Cell ss:StyleID="ce5"/><Cell ss:StyleID="ce5"/><Cell ss:StyleID="ce5"/><Cell ss:StyleID="ce5"/><Cell ss:StyleID="ce5"/><Cell ss:StyleID="ce5"/><Cell ss:StyleID="ce5"/><Cell ss:StyleID="ce5"/><Cell ss:StyleID="ce5"/><Cell ss:StyleID="ce5"/><Cell ss:StyleID="ce5"/><Cell ss:StyleID="ce5"/><Cell ss:StyleID="ce5"/><Cell ss:StyleID="ce5"/><Cell ss:StyleID="ce5"/><Cell ss:StyleID="ce5"/><Cell ss:StyleID="ce5"/><Cell ss:StyleID="ce5"/><Cell ss:StyleID="ce5"/><Cell ss:StyleID="ce5"/><Cell ss:StyleID="ce5"/><Cell ss:StyleID="ce5"/><Cell ss:StyleID="ce5"/><Cell ss:StyleID="ce5"/><Cell ss:StyleID="ce5"/><Cell ss:StyleID="ce5"/><Cell ss:StyleID="ce5"/><Cell ss:StyleID="ce5"/><Cell ss:StyleID="ce5"/><Cell ss:StyleID="ce5"/><Cell ss:StyleID="ce5"/><Cell ss:StyleID="ce5"/><Cell ss:StyleID="ce5"/><Cell ss:StyleID="ce5"/><Cell ss:StyleID="ce5"/><Cell ss:StyleID="ce5"/><Cell ss:StyleID="ce5"/><Cell ss:StyleID="ce5"/><Cell ss:StyleID="ce5"/><Cell ss:StyleID="ce5"/><Cell ss:StyleID="ce5"/><Cell ss:StyleID="ce5"/><Cell ss:StyleID="ce5"/><Cell ss:StyleID="ce5"/><Cell ss:StyleID="ce5"/><Cell ss:StyleID="ce5"/><Cell ss:StyleID="ce5"/><Cell ss:StyleID="ce5"/><Cell ss:StyleID="ce5"/><Cell ss:StyleID="ce5"/><Cell ss:StyleID="ce5"/><Cell ss:StyleID="ce5"/><Cell ss:StyleID="ce5"/><Cell ss:StyleID="ce5"/><Cell ss:StyleID="ce5"/><Cell ss:StyleID="ce5"/><Cell ss:StyleID="ce5"/><Cell ss:StyleID="ce5"/><Cell ss:StyleID="ce5"/><Cell ss:StyleID="ce5"/><Cell ss:StyleID="ce5"/><Cell ss:StyleID="ce5"/><Cell ss:StyleID="ce5"/><Cell ss:StyleID="ce5"/><Cell ss:StyleID="ce5"/><Cell ss:StyleID="ce5"/><Cell ss:StyleID="ce5"/><Cell ss:StyleID="ce5"/><Cell ss:StyleID="ce5"/><Cell ss:StyleID="ce5"/><Cell ss:StyleID="ce5"/><Cell ss:StyleID="ce5"/><Cell ss:StyleID="ce5"/><Cell ss:StyleID="ce5"/><Cell ss:StyleID="ce5"/><Cell ss:StyleID="ce5"/><Cell ss:StyleID="ce5"/><Cell ss:StyleID="ce5"/><Cell ss:StyleID="ce5"/><Cell ss:StyleID="ce5"/><Cell ss:StyleID="ce5"/><Cell ss:StyleID="ce5"/><Cell ss:StyleID="ce5"/><Cell ss:StyleID="ce5"/><Cell ss:StyleID="ce5"/><Cell ss:StyleID="ce5"/><Cell ss:StyleID="ce5"/><Cell ss:StyleID="ce5"/><Cell ss:StyleID="ce5"/><Cell ss:StyleID="ce5"/><Cell ss:StyleID="ce5"/><Cell ss:StyleID="ce5"/><Cell ss:StyleID="ce5"/><Cell ss:StyleID="ce5"/><Cell ss:StyleID="ce5"/><Cell ss:StyleID="ce5"/><Cell ss:StyleID="ce5"/><Cell ss:StyleID="ce5"/><Cell ss:StyleID="ce5"/><Cell ss:StyleID="ce5"/><Cell ss:StyleID="ce5"/><Cell ss:StyleID="ce5"/><Cell ss:StyleID="ce5"/><Cell ss:StyleID="ce5"/><Cell ss:StyleID="ce5"/><Cell ss:StyleID="ce5"/><Cell ss:StyleID="ce5"/><Cell ss:StyleID="ce5"/><Cell ss:StyleID="ce5"/><Cell ss:StyleID="ce5"/><Cell ss:StyleID="ce5"/><Cell ss:StyleID="ce5"/><Cell ss:StyleID="ce5"/><Cell ss:StyleID="ce5"/><Cell ss:StyleID="ce5"/><Cell ss:StyleID="ce5"/><Cell ss:StyleID="ce5"/><Cell ss:StyleID="ce5"/><Cell ss:StyleID="ce5"/><Cell ss:StyleID="ce5"/><Cell ss:StyleID="ce5"/><Cell ss:StyleID="ce5"/><Cell ss:StyleID="ce5"/><Cell ss:StyleID="ce5"/><Cell ss:StyleID="ce5"/><Cell ss:StyleID="ce5"/><Cell ss:StyleID="ce5"/><Cell ss:StyleID="ce5"/><Cell ss:StyleID="ce5"/><Cell ss:StyleID="ce5"/><Cell ss:StyleID="ce5"/><Cell ss:StyleID="ce5"/><Cell ss:StyleID="ce5"/><Cell ss:StyleID="ce5"/><Cell ss:StyleID="ce5"/><Cell ss:StyleID="ce5"/><Cell ss:StyleID="ce5"/><Cell ss:StyleID="ce5"/><Cell ss:StyleID="ce5"/><Cell ss:StyleID="ce5"/><Cell ss:StyleID="ce5"/><Cell ss:StyleID="ce5"/><Cell ss:StyleID="ce5"/><Cell ss:StyleID="ce5"/><Cell ss:StyleID="ce5"/><Cell ss:StyleID="ce5"/><Cell ss:StyleID="ce5"/><Cell ss:StyleID="ce5"/><Cell ss:StyleID="ce5"/><Cell ss:StyleID="ce5"/><Cell ss:StyleID="ce5"/><Cell ss:StyleID="ce5"/><Cell ss:StyleID="ce5"/><Cell ss:StyleID="ce5"/><Cell ss:StyleID="ce5"/><Cell ss:StyleID="ce5"/><Cell ss:StyleID="ce5"/><Cell ss:StyleID="ce5"/><Cell ss:StyleID="ce5"/><Cell ss:StyleID="ce5"/><Cell ss:StyleID="ce5"/><Cell ss:StyleID="ce5"/><Cell ss:StyleID="ce5"/><Cell ss:StyleID="ce5"/><Cell ss:StyleID="ce5"/><Cell ss:StyleID="ce5"/><Cell ss:StyleID="ce5"/><Cell ss:StyleID="ce5"/><Cell ss:StyleID="ce5"/><Cell ss:StyleID="ce5"/><Cell ss:StyleID="ce5"/><Cell ss:StyleID="ce5"/><Cell ss:StyleID="ce5"/><Cell ss:StyleID="ce5"/><Cell ss:StyleID="ce5"/><Cell ss:StyleID="ce5"/><Cell ss:StyleID="ce5"/><Cell ss:StyleID="ce5"/><Cell ss:StyleID="ce5"/><Cell ss:StyleID="ce5"/><Cell ss:StyleID="ce5"/><Cell ss:StyleID="ce5"/><Cell ss:StyleID="ce5"/><Cell ss:StyleID="ce5"/><Cell ss:StyleID="ce5"/><Cell ss:StyleID="ce5"/><Cell ss:StyleID="ce5"/><Cell ss:StyleID="ce5"/><Cell ss:StyleID="ce5"/><Cell ss:StyleID="ce5"/><Cell ss:StyleID="ce5"/><Cell ss:StyleID="ce5"/><Cell ss:StyleID="ce5"/><Cell ss:StyleID="ce5"/><Cell ss:StyleID="ce5"/><Cell ss:StyleID="ce5"/><Cell ss:StyleID="ce5"/><Cell ss:StyleID="ce5"/><Cell ss:StyleID="ce5"/><Cell ss:StyleID="ce5"/><Cell ss:StyleID="ce5"/><Cell ss:StyleID="ce5"/><Cell ss:StyleID="ce5"/><Cell ss:StyleID="ce5"/><Cell ss:StyleID="ce5"/><Cell ss:StyleID="ce5"/><Cell ss:StyleID="ce5"/><Cell ss:StyleID="ce5"/><Cell ss:StyleID="ce5"/><Cell ss:StyleID="ce5"/><Cell ss:StyleID="ce5"/><Cell ss:StyleID="ce5"/><Cell ss:StyleID="ce5"/><Cell ss:StyleID="ce5"/><Cell ss:StyleID="ce5"/><Cell ss:StyleID="ce5"/><Cell ss:StyleID="ce5"/><Cell ss:StyleID="ce5"/><Cell ss:StyleID="ce5"/><Cell ss:StyleID="ce5"/><Cell ss:StyleID="ce5"/><Cell ss:StyleID="ce5"/><Cell ss:StyleID="ce5"/><Cell ss:StyleID="ce5"/><Cell ss:StyleID="ce5"/><Cell ss:StyleID="ce5"/><Cell ss:StyleID="ce5"/><Cell ss:StyleID="ce5"/><Cell ss:StyleID="ce5"/><Cell ss:StyleID="ce5"/><Cell ss:StyleID="ce5"/><Cell ss:StyleID="ce5"/><Cell ss:StyleID="ce5"/><Cell ss:StyleID="ce5"/><Cell ss:StyleID="ce5"/><Cell ss:StyleID="ce5"/><Cell ss:StyleID="ce5"/><Cell ss:StyleID="ce5"/><Cell ss:StyleID="ce5"/><Cell ss:StyleID="ce5"/><Cell ss:StyleID="ce5"/><Cell ss:StyleID="ce5"/><Cell ss:StyleID="ce5"/><Cell ss:StyleID="ce5"/><Cell ss:StyleID="ce5"/><Cell ss:StyleID="ce5"/><Cell ss:StyleID="ce5"/><Cell ss:StyleID="ce5"/><Cell ss:StyleID="ce5"/><Cell ss:StyleID="ce5"/><Cell ss:StyleID="ce5"/><Cell ss:StyleID="ce5"/><Cell ss:StyleID="ce5"/><Cell ss:StyleID="ce5"/><Cell ss:StyleID="ce5"/><Cell ss:StyleID="ce5"/><Cell ss:StyleID="ce5"/><Cell ss:StyleID="ce5"/><Cell ss:StyleID="ce5"/><Cell ss:StyleID="ce5"/><Cell ss:StyleID="ce5"/><Cell ss:StyleID="ce5"/><Cell ss:StyleID="ce5"/><Cell ss:StyleID="ce5"/><Cell ss:StyleID="ce5"/><Cell ss:StyleID="ce5"/><Cell ss:StyleID="ce5"/><Cell ss:StyleID="ce5"/><Cell ss:StyleID="ce5"/><Cell ss:StyleID="ce5"/><Cell ss:StyleID="ce5"/><Cell ss:StyleID="ce5"/><Cell ss:StyleID="ce5"/><Cell ss:StyleID="ce5"/><Cell ss:StyleID="ce5"/><Cell ss:StyleID="ce5"/><Cell ss:StyleID="ce5"/><Cell ss:StyleID="ce5"/><Cell ss:StyleID="ce5"/><Cell ss:StyleID="ce5"/><Cell ss:StyleID="ce5"/><Cell ss:StyleID="ce5"/><Cell ss:StyleID="ce5"/><Cell ss:StyleID="ce5"/><Cell ss:StyleID="ce5"/><Cell ss:StyleID="ce5"/><Cell ss:StyleID="ce5"/><Cell ss:StyleID="ce5"/><Cell ss:StyleID="ce5"/><Cell ss:StyleID="ce5"/><Cell ss:StyleID="ce5"/><Cell ss:StyleID="ce5"/><Cell ss:StyleID="ce5"/><Cell ss:StyleID="ce5"/><Cell ss:StyleID="ce5"/><Cell ss:StyleID="ce5"/><Cell ss:StyleID="ce5"/><Cell ss:StyleID="ce5"/><Cell ss:StyleID="ce5"/><Cell ss:StyleID="ce5"/><Cell ss:StyleID="ce5"/><Cell ss:StyleID="ce5"/><Cell ss:StyleID="ce5"/><Cell ss:StyleID="ce5"/><Cell ss:StyleID="ce5"/><Cell ss:StyleID="ce5"/><Cell ss:StyleID="ce5"/><Cell ss:StyleID="ce5"/><Cell ss:StyleID="ce5"/><Cell ss:StyleID="ce5"/><Cell ss:StyleID="ce5"/><Cell ss:StyleID="ce5"/><Cell ss:StyleID="ce5"/><Cell ss:StyleID="ce5"/><Cell ss:StyleID="ce5"/><Cell ss:StyleID="ce5"/><Cell ss:StyleID="ce5"/><Cell ss:StyleID="ce5"/><Cell ss:StyleID="ce5"/><Cell ss:StyleID="ce5"/><Cell ss:StyleID="ce5"/><Cell ss:StyleID="ce5"/><Cell ss:StyleID="ce5"/><Cell ss:StyleID="ce5"/><Cell ss:StyleID="ce5"/><Cell ss:StyleID="ce5"/><Cell ss:StyleID="ce5"/><Cell ss:StyleID="ce5"/><Cell ss:StyleID="ce5"/><Cell ss:StyleID="ce5"/><Cell ss:StyleID="ce5"/><Cell ss:StyleID="ce5"/><Cell ss:StyleID="ce5"/><Cell ss:StyleID="ce5"/><Cell ss:StyleID="ce5"/><Cell ss:StyleID="ce5"/><Cell ss:StyleID="ce5"/><Cell ss:StyleID="ce5"/><Cell ss:StyleID="ce5"/><Cell ss:StyleID="ce5"/><Cell ss:StyleID="ce5"/><Cell ss:StyleID="ce5"/><Cell ss:StyleID="ce5"/><Cell ss:StyleID="ce5"/><Cell ss:StyleID="ce5"/><Cell ss:StyleID="ce5"/><Cell ss:StyleID="ce5"/><Cell ss:StyleID="ce5"/><Cell ss:StyleID="ce5"/><Cell ss:StyleID="ce5"/><Cell ss:StyleID="ce5"/><Cell ss:StyleID="ce5"/><Cell ss:StyleID="ce5"/><Cell ss:StyleID="ce5"/><Cell ss:StyleID="ce5"/><Cell ss:StyleID="ce5"/><Cell ss:StyleID="ce5"/><Cell ss:StyleID="ce5"/><Cell ss:StyleID="ce5"/><Cell ss:StyleID="ce5"/><Cell ss:StyleID="ce5"/><Cell ss:StyleID="ce5"/><Cell ss:StyleID="ce5"/><Cell ss:StyleID="ce5"/><Cell ss:StyleID="ce5"/><Cell ss:StyleID="ce5"/><Cell ss:StyleID="ce5"/><Cell ss:StyleID="ce5"/><Cell ss:StyleID="ce5"/><Cell ss:StyleID="ce5"/><Cell ss:StyleID="ce5"/><Cell ss:StyleID="ce5"/><Cell ss:StyleID="ce5"/><Cell ss:StyleID="ce5"/><Cell ss:StyleID="ce5"/><Cell ss:StyleID="ce5"/><Cell ss:StyleID="ce5"/><Cell ss:StyleID="ce5"/><Cell ss:StyleID="ce5"/><Cell ss:StyleID="ce5"/><Cell ss:StyleID="ce5"/><Cell ss:StyleID="ce5"/><Cell ss:StyleID="ce5"/><Cell ss:StyleID="ce5"/><Cell ss:StyleID="ce5"/><Cell ss:StyleID="ce5"/><Cell ss:StyleID="ce5"/><Cell ss:StyleID="ce5"/><Cell ss:StyleID="ce5"/><Cell ss:StyleID="ce5"/><Cell ss:StyleID="ce5"/><Cell ss:StyleID="ce5"/><Cell ss:StyleID="ce5"/><Cell ss:StyleID="ce5"/><Cell ss:StyleID="ce5"/><Cell ss:StyleID="ce5"/><Cell ss:StyleID="ce5"/><Cell ss:StyleID="ce5"/><Cell ss:StyleID="ce5"/><Cell ss:StyleID="ce5"/><Cell ss:StyleID="ce5"/><Cell ss:StyleID="ce5"/><Cell ss:StyleID="ce5"/><Cell ss:StyleID="ce5"/><Cell ss:StyleID="ce5"/><Cell ss:StyleID="ce5"/><Cell ss:StyleID="ce5"/><Cell ss:StyleID="ce5"/><Cell ss:StyleID="ce5"/><Cell ss:StyleID="ce5"/><Cell ss:StyleID="ce5"/><Cell ss:StyleID="ce5"/><Cell ss:StyleID="ce5"/><Cell ss:StyleID="ce5"/><Cell ss:StyleID="ce5"/><Cell ss:StyleID="ce5"/><Cell ss:StyleID="ce5"/><Cell ss:StyleID="ce5"/><Cell ss:StyleID="ce5"/><Cell ss:StyleID="ce5"/><Cell ss:StyleID="ce5"/><Cell ss:StyleID="ce5"/><Cell ss:StyleID="ce5"/><Cell ss:StyleID="ce5"/><Cell ss:StyleID="ce5"/><Cell ss:StyleID="ce5"/><Cell ss:StyleID="ce5"/><Cell ss:StyleID="ce5"/><Cell ss:StyleID="ce5"/><Cell ss:StyleID="ce5"/><Cell ss:StyleID="ce5"/><Cell ss:StyleID="ce5"/><Cell ss:StyleID="ce5"/><Cell ss:StyleID="ce5"/><Cell ss:StyleID="ce5"/><Cell ss:StyleID="ce5"/><Cell ss:StyleID="ce5"/><Cell ss:StyleID="ce5"/><Cell ss:StyleID="ce5"/><Cell ss:StyleID="ce5"/><Cell ss:StyleID="ce5"/><Cell ss:StyleID="ce5"/><Cell ss:StyleID="ce5"/><Cell ss:StyleID="ce5"/><Cell ss:StyleID="ce5"/><Cell ss:StyleID="ce5"/><Cell ss:StyleID="ce5"/><Cell ss:StyleID="ce5"/><Cell ss:StyleID="ce5"/><Cell ss:StyleID="ce5"/><Cell ss:StyleID="ce5"/><Cell ss:StyleID="ce5"/><Cell ss:StyleID="ce5"/><Cell ss:StyleID="ce5"/><Cell ss:StyleID="ce5"/><Cell ss:StyleID="ce5"/><Cell ss:StyleID="ce5"/><Cell ss:StyleID="ce5"/><Cell ss:StyleID="ce5"/><Cell ss:StyleID="ce5"/><Cell ss:StyleID="ce5"/><Cell ss:StyleID="ce5"/><Cell ss:StyleID="ce5"/><Cell ss:StyleID="ce5"/><Cell ss:StyleID="ce5"/><Cell ss:StyleID="ce5"/><Cell ss:StyleID="ce5"/><Cell ss:StyleID="ce5"/><Cell ss:StyleID="ce5"/><Cell ss:StyleID="ce5"/><Cell ss:StyleID="ce5"/><Cell ss:StyleID="ce5"/><Cell ss:StyleID="ce5"/><Cell ss:StyleID="ce5"/><Cell ss:StyleID="ce5"/><Cell ss:StyleID="ce5"/><Cell ss:StyleID="ce5"/><Cell ss:StyleID="ce5"/><Cell ss:StyleID="ce5"/><Cell ss:StyleID="ce5"/><Cell ss:StyleID="ce5"/><Cell ss:StyleID="ce5"/><Cell ss:StyleID="ce5"/><Cell ss:StyleID="ce5"/><Cell ss:StyleID="ce5"/><Cell ss:StyleID="ce5"/><Cell ss:StyleID="ce5"/><Cell ss:StyleID="ce5"/><Cell ss:StyleID="ce5"/><Cell ss:StyleID="ce5"/><Cell ss:StyleID="ce5"/><Cell ss:StyleID="ce5"/><Cell ss:StyleID="ce5"/><Cell ss:StyleID="ce5"/><Cell ss:StyleID="ce5"/><Cell ss:StyleID="ce5"/><Cell ss:StyleID="ce5"/><Cell ss:StyleID="ce5"/><Cell ss:StyleID="ce5"/><Cell ss:StyleID="ce5"/><Cell ss:StyleID="ce5"/><Cell ss:StyleID="ce5"/><Cell ss:StyleID="ce5"/><Cell ss:StyleID="ce5"/><Cell ss:StyleID="ce5"/><Cell ss:StyleID="ce5"/><Cell ss:StyleID="ce5"/><Cell ss:StyleID="ce5"/><Cell ss:StyleID="ce5"/><Cell ss:StyleID="ce5"/><Cell ss:StyleID="ce5"/><Cell ss:StyleID="ce5"/><Cell ss:StyleID="ce5"/><Cell ss:StyleID="ce5"/><Cell ss:StyleID="ce5"/><Cell ss:StyleID="ce5"/><Cell ss:StyleID="ce5"/><Cell ss:StyleID="ce5"/><Cell ss:StyleID="ce5"/><Cell ss:StyleID="ce5"/><Cell ss:StyleID="ce5"/><Cell ss:StyleID="ce5"/><Cell ss:StyleID="ce5"/><Cell ss:StyleID="ce5"/><Cell ss:StyleID="ce5"/><Cell ss:StyleID="ce5"/><Cell ss:StyleID="ce5"/><Cell ss:StyleID="ce5"/><Cell ss:StyleID="ce5"/><Cell ss:StyleID="ce5"/><Cell ss:StyleID="ce5"/><Cell ss:StyleID="ce5"/><Cell ss:StyleID="ce5"/><Cell ss:StyleID="ce5"/></Row><Row ss:Height="12.8126"><Cell ss:StyleID="ce8"/><Cell ss:StyleID="ce8"/><Cell ss:StyleID="ce8"/><Cell ss:StyleID="ce8"/><Cell ss:StyleID="ce8"/><Cell ss:StyleID="ce8"/><Cell ss:StyleID="ce8"/><Cell ss:StyleID="ce8"/><Cell ss:StyleID="ce8"/><Cell ss:StyleID="ce8"/><Cell ss:StyleID="ce8"/><Cell ss:StyleID="ce8"/><Cell ss:StyleID="ce8"/><Cell ss:StyleID="ce8"/><Cell ss:StyleID="ce8"/><Cell ss:StyleID="ce8"/><Cell ss:StyleID="ce8"/><Cell ss:StyleID="ce8"/><Cell ss:StyleID="ce8"/><Cell ss:StyleID="ce8"/><Cell ss:StyleID="ce8"/><Cell ss:StyleID="ce8"/><Cell ss:StyleID="ce8"/><Cell ss:StyleID="ce8"/><Cell ss:StyleID="ce8"/><Cell ss:StyleID="ce8"/><Cell ss:StyleID="ce8"/><Cell ss:StyleID="ce8"/><Cell ss:StyleID="ce8"/><Cell ss:StyleID="ce8"/><Cell ss:StyleID="ce8"/><Cell ss:StyleID="ce8"/><Cell ss:StyleID="ce8"/><Cell ss:StyleID="ce8"/><Cell ss:StyleID="ce8"/><Cell ss:StyleID="ce8"/><Cell ss:StyleID="ce8"/><Cell ss:StyleID="ce8"/><Cell ss:StyleID="ce8"/><Cell ss:StyleID="ce8"/><Cell ss:StyleID="ce8"/><Cell ss:StyleID="ce8"/><Cell ss:StyleID="ce8"/><Cell ss:StyleID="ce8"/><Cell ss:StyleID="ce8"/><Cell ss:StyleID="ce8"/><Cell ss:StyleID="ce8"/><Cell ss:StyleID="ce8"/><Cell ss:StyleID="ce8"/><Cell ss:StyleID="ce8"/><Cell ss:StyleID="ce8"/><Cell ss:StyleID="ce8"/><Cell ss:StyleID="ce8"/><Cell ss:StyleID="ce8"/><Cell ss:StyleID="ce8"/><Cell ss:StyleID="ce8"/><Cell ss:StyleID="ce8"/><Cell ss:StyleID="ce8"/><Cell ss:StyleID="ce8"/><Cell ss:StyleID="ce8"/><Cell ss:StyleID="ce8"/><Cell ss:StyleID="ce8"/><Cell ss:StyleID="ce8"/><Cell ss:StyleID="ce8"/><Cell ss:StyleID="ce8"/><Cell ss:StyleID="ce8"/><Cell ss:StyleID="ce8"/><Cell ss:StyleID="ce8"/><Cell ss:StyleID="ce8"/><Cell ss:StyleID="ce8"/><Cell ss:StyleID="ce8"/><Cell ss:StyleID="ce8"/><Cell ss:StyleID="ce8"/><Cell ss:StyleID="ce8"/><Cell ss:StyleID="ce8"/><Cell ss:StyleID="ce8"/><Cell ss:StyleID="ce8"/><Cell ss:StyleID="ce8"/><Cell ss:StyleID="ce8"/><Cell ss:StyleID="ce8"/><Cell ss:StyleID="ce8"/><Cell ss:StyleID="ce8"/><Cell ss:StyleID="ce8"/><Cell ss:StyleID="ce8"/><Cell ss:StyleID="ce8"/><Cell ss:StyleID="ce8"/><Cell ss:StyleID="ce8"/><Cell ss:StyleID="ce8"/><Cell ss:StyleID="ce8"/><Cell ss:StyleID="ce8"/><Cell ss:StyleID="ce8"/><Cell ss:StyleID="ce8"/><Cell ss:StyleID="ce8"/><Cell ss:StyleID="ce8"/><Cell ss:StyleID="ce8"/><Cell ss:StyleID="ce8"/><Cell ss:StyleID="ce8"/><Cell ss:StyleID="ce8"/><Cell ss:StyleID="ce8"/><Cell ss:StyleID="ce8"/><Cell ss:StyleID="ce8"/><Cell ss:StyleID="ce8"/><Cell ss:StyleID="ce8"/><Cell ss:StyleID="ce8"/><Cell ss:StyleID="ce8"/><Cell ss:StyleID="ce8"/><Cell ss:StyleID="ce8"/><Cell ss:StyleID="ce8"/><Cell ss:StyleID="ce8"/><Cell ss:StyleID="ce8"/><Cell ss:StyleID="ce8"/><Cell ss:StyleID="ce8"/><Cell ss:StyleID="ce8"/><Cell ss:StyleID="ce8"/><Cell ss:StyleID="ce8"/><Cell ss:StyleID="ce8"/><Cell ss:StyleID="ce8"/><Cell ss:StyleID="ce8"/><Cell ss:StyleID="ce8"/><Cell ss:StyleID="ce8"/><Cell ss:StyleID="ce8"/><Cell ss:StyleID="ce8"/><Cell ss:StyleID="ce8"/><Cell ss:StyleID="ce8"/><Cell ss:StyleID="ce8"/><Cell ss:StyleID="ce8"/><Cell ss:StyleID="ce8"/><Cell ss:StyleID="ce8"/><Cell ss:StyleID="ce8"/><Cell ss:StyleID="ce8"/><Cell ss:StyleID="ce8"/><Cell ss:StyleID="ce8"/><Cell ss:StyleID="ce8"/><Cell ss:StyleID="ce8"/><Cell ss:StyleID="ce8"/><Cell ss:StyleID="ce8"/><Cell ss:StyleID="ce8"/><Cell ss:StyleID="ce8"/><Cell ss:StyleID="ce8"/><Cell ss:StyleID="ce8"/><Cell ss:StyleID="ce8"/><Cell ss:StyleID="ce8"/><Cell ss:StyleID="ce8"/><Cell ss:StyleID="ce8"/><Cell ss:StyleID="ce8"/><Cell ss:StyleID="ce8"/><Cell ss:StyleID="ce8"/><Cell ss:StyleID="ce8"/><Cell ss:StyleID="ce8"/><Cell ss:StyleID="ce8"/><Cell ss:StyleID="ce8"/><Cell ss:StyleID="ce8"/><Cell ss:StyleID="ce8"/><Cell ss:StyleID="ce8"/><Cell ss:StyleID="ce8"/><Cell ss:StyleID="ce8"/><Cell ss:StyleID="ce8"/><Cell ss:StyleID="ce8"/><Cell ss:StyleID="ce8"/><Cell ss:StyleID="ce8"/><Cell ss:StyleID="ce8"/><Cell ss:StyleID="ce8"/><Cell ss:StyleID="ce8"/><Cell ss:StyleID="ce8"/><Cell ss:StyleID="ce8"/><Cell ss:StyleID="ce8"/><Cell ss:StyleID="ce8"/><Cell ss:StyleID="ce8"/><Cell ss:StyleID="ce8"/><Cell ss:StyleID="ce8"/><Cell ss:StyleID="ce8"/><Cell ss:StyleID="ce8"/><Cell ss:StyleID="ce8"/><Cell ss:StyleID="ce8"/><Cell ss:StyleID="ce8"/><Cell ss:StyleID="ce8"/><Cell ss:StyleID="ce8"/><Cell ss:StyleID="ce8"/><Cell ss:StyleID="ce8"/><Cell ss:StyleID="ce8"/><Cell ss:StyleID="ce8"/><Cell ss:StyleID="ce8"/><Cell ss:StyleID="ce8"/><Cell ss:StyleID="ce8"/><Cell ss:StyleID="ce8"/><Cell ss:StyleID="ce8"/><Cell ss:StyleID="ce8"/><Cell ss:StyleID="ce8"/><Cell ss:StyleID="ce8"/><Cell ss:StyleID="ce8"/><Cell ss:StyleID="ce8"/><Cell ss:StyleID="ce8"/><Cell ss:StyleID="ce8"/><Cell ss:StyleID="ce8"/><Cell ss:StyleID="ce8"/><Cell ss:StyleID="ce8"/><Cell ss:StyleID="ce8"/><Cell ss:StyleID="ce8"/><Cell ss:StyleID="ce8"/><Cell ss:StyleID="ce8"/><Cell ss:StyleID="ce8"/><Cell ss:StyleID="ce8"/><Cell ss:StyleID="ce8"/><Cell ss:StyleID="ce8"/><Cell ss:StyleID="ce8"/><Cell ss:StyleID="ce8"/><Cell ss:StyleID="ce8"/><Cell ss:StyleID="ce8"/><Cell ss:StyleID="ce8"/><Cell ss:StyleID="ce8"/><Cell ss:StyleID="ce8"/><Cell ss:StyleID="ce8"/><Cell ss:StyleID="ce8"/><Cell ss:StyleID="ce8"/><Cell ss:StyleID="ce8"/><Cell ss:StyleID="ce8"/><Cell ss:StyleID="ce8"/><Cell ss:StyleID="ce8"/><Cell ss:StyleID="ce8"/><Cell ss:StyleID="ce8"/><Cell ss:StyleID="ce8"/><Cell ss:StyleID="ce8"/><Cell ss:StyleID="ce8"/><Cell ss:StyleID="ce8"/><Cell ss:StyleID="ce8"/><Cell ss:StyleID="ce8"/><Cell ss:StyleID="ce8"/><Cell ss:StyleID="ce8"/><Cell ss:StyleID="ce8"/><Cell ss:StyleID="ce8"/><Cell ss:StyleID="ce8"/><Cell ss:StyleID="ce8"/><Cell ss:StyleID="ce8"/><Cell ss:StyleID="ce8"/><Cell ss:StyleID="ce8"/><Cell ss:StyleID="ce8"/><Cell ss:StyleID="ce8"/><Cell ss:StyleID="ce8"/><Cell ss:StyleID="ce8"/><Cell ss:StyleID="ce8"/><Cell ss:StyleID="ce8"/><Cell ss:StyleID="ce8"/><Cell ss:StyleID="ce8"/><Cell ss:StyleID="ce8"/><Cell ss:StyleID="ce8"/><Cell ss:StyleID="ce8"/><Cell ss:StyleID="ce8"/><Cell ss:StyleID="ce8"/><Cell ss:StyleID="ce8"/><Cell ss:StyleID="ce8"/><Cell ss:StyleID="ce8"/><Cell ss:StyleID="ce8"/><Cell ss:StyleID="ce8"/><Cell ss:StyleID="ce8"/><Cell ss:StyleID="ce8"/><Cell ss:StyleID="ce8"/><Cell ss:StyleID="ce8"/><Cell ss:StyleID="ce8"/><Cell ss:StyleID="ce8"/><Cell ss:StyleID="ce8"/><Cell ss:StyleID="ce8"/><Cell ss:StyleID="ce8"/><Cell ss:StyleID="ce8"/><Cell ss:StyleID="ce8"/><Cell ss:StyleID="ce8"/><Cell ss:StyleID="ce8"/><Cell ss:StyleID="ce8"/><Cell ss:StyleID="ce8"/><Cell ss:StyleID="ce8"/><Cell ss:StyleID="ce8"/><Cell ss:StyleID="ce8"/><Cell ss:StyleID="ce8"/><Cell ss:StyleID="ce8"/><Cell ss:StyleID="ce8"/><Cell ss:StyleID="ce8"/><Cell ss:StyleID="ce8"/><Cell ss:StyleID="ce8"/><Cell ss:StyleID="ce8"/><Cell ss:StyleID="ce8"/><Cell ss:StyleID="ce8"/><Cell ss:StyleID="ce8"/><Cell ss:StyleID="ce8"/><Cell ss:StyleID="ce8"/><Cell ss:StyleID="ce8"/><Cell ss:StyleID="ce8"/><Cell ss:StyleID="ce8"/><Cell ss:StyleID="ce8"/><Cell ss:StyleID="ce8"/><Cell ss:StyleID="ce8"/><Cell ss:StyleID="ce8"/><Cell ss:StyleID="ce8"/><Cell ss:StyleID="ce8"/><Cell ss:StyleID="ce8"/><Cell ss:StyleID="ce8"/><Cell ss:StyleID="ce8"/><Cell ss:StyleID="ce8"/><Cell ss:StyleID="ce8"/><Cell ss:StyleID="ce8"/><Cell ss:StyleID="ce8"/><Cell ss:StyleID="ce8"/><Cell ss:StyleID="ce8"/><Cell ss:StyleID="ce8"/><Cell ss:StyleID="ce8"/><Cell ss:StyleID="ce8"/><Cell ss:StyleID="ce8"/><Cell ss:StyleID="ce8"/><Cell ss:StyleID="ce8"/><Cell ss:StyleID="ce8"/><Cell ss:StyleID="ce8"/><Cell ss:StyleID="ce8"/><Cell ss:StyleID="ce8"/><Cell ss:StyleID="ce8"/><Cell ss:StyleID="ce8"/><Cell ss:StyleID="ce8"/><Cell ss:StyleID="ce8"/><Cell ss:StyleID="ce8"/><Cell ss:StyleID="ce8"/><Cell ss:StyleID="ce8"/><Cell ss:StyleID="ce8"/><Cell ss:StyleID="ce8"/><Cell ss:StyleID="ce8"/><Cell ss:StyleID="ce8"/><Cell ss:StyleID="ce8"/><Cell ss:StyleID="ce8"/><Cell ss:StyleID="ce8"/><Cell ss:StyleID="ce8"/><Cell ss:StyleID="ce8"/><Cell ss:StyleID="ce8"/><Cell ss:StyleID="ce8"/><Cell ss:StyleID="ce8"/><Cell ss:StyleID="ce8"/><Cell ss:StyleID="ce8"/><Cell ss:StyleID="ce8"/><Cell ss:StyleID="ce8"/><Cell ss:StyleID="ce8"/><Cell ss:StyleID="ce8"/><Cell ss:StyleID="ce8"/><Cell ss:StyleID="ce8"/><Cell ss:StyleID="ce8"/><Cell ss:StyleID="ce8"/><Cell ss:StyleID="ce8"/><Cell ss:StyleID="ce8"/><Cell ss:StyleID="ce8"/><Cell ss:StyleID="ce8"/><Cell ss:StyleID="ce8"/><Cell ss:StyleID="ce8"/><Cell ss:StyleID="ce8"/><Cell ss:StyleID="ce8"/><Cell ss:StyleID="ce8"/><Cell ss:StyleID="ce8"/><Cell ss:StyleID="ce8"/><Cell ss:StyleID="ce8"/><Cell ss:StyleID="ce8"/><Cell ss:StyleID="ce8"/><Cell ss:StyleID="ce8"/><Cell ss:StyleID="ce8"/><Cell ss:StyleID="ce8"/><Cell ss:StyleID="ce8"/><Cell ss:StyleID="ce8"/><Cell ss:StyleID="ce8"/><Cell ss:StyleID="ce8"/><Cell ss:StyleID="ce8"/><Cell ss:StyleID="ce8"/><Cell ss:StyleID="ce8"/><Cell ss:StyleID="ce8"/><Cell ss:StyleID="ce8"/><Cell ss:StyleID="ce8"/><Cell ss:StyleID="ce8"/><Cell ss:StyleID="ce8"/><Cell ss:StyleID="ce8"/><Cell ss:StyleID="ce8"/><Cell ss:StyleID="ce8"/><Cell ss:StyleID="ce8"/><Cell ss:StyleID="ce8"/><Cell ss:StyleID="ce8"/><Cell ss:StyleID="ce8"/><Cell ss:StyleID="ce8"/><Cell ss:StyleID="ce8"/><Cell ss:StyleID="ce8"/><Cell ss:StyleID="ce8"/><Cell ss:StyleID="ce8"/><Cell ss:StyleID="ce8"/><Cell ss:StyleID="ce8"/><Cell ss:StyleID="ce8"/><Cell ss:StyleID="ce8"/><Cell ss:StyleID="ce8"/><Cell ss:StyleID="ce8"/><Cell ss:StyleID="ce8"/><Cell ss:StyleID="ce8"/><Cell ss:StyleID="ce8"/><Cell ss:StyleID="ce8"/><Cell ss:StyleID="ce8"/><Cell ss:StyleID="ce8"/><Cell ss:StyleID="ce8"/><Cell ss:StyleID="ce8"/><Cell ss:StyleID="ce8"/><Cell ss:StyleID="ce8"/><Cell ss:StyleID="ce8"/><Cell ss:StyleID="ce8"/><Cell ss:StyleID="ce8"/><Cell ss:StyleID="ce8"/><Cell ss:StyleID="ce8"/><Cell ss:StyleID="ce8"/><Cell ss:StyleID="ce8"/><Cell ss:StyleID="ce8"/><Cell ss:StyleID="ce8"/><Cell ss:StyleID="ce8"/><Cell ss:StyleID="ce8"/><Cell ss:StyleID="ce8"/><Cell ss:StyleID="ce8"/><Cell ss:StyleID="ce8"/><Cell ss:StyleID="ce8"/><Cell ss:StyleID="ce8"/><Cell ss:StyleID="ce8"/><Cell ss:StyleID="ce8"/><Cell ss:StyleID="ce8"/><Cell ss:StyleID="ce8"/><Cell ss:StyleID="ce8"/><Cell ss:StyleID="ce8"/><Cell ss:StyleID="ce8"/><Cell ss:StyleID="ce8"/><Cell ss:StyleID="ce8"/><Cell ss:StyleID="ce8"/><Cell ss:StyleID="ce8"/><Cell ss:StyleID="ce8"/><Cell ss:StyleID="ce8"/><Cell ss:StyleID="ce8"/><Cell ss:StyleID="ce8"/><Cell ss:StyleID="ce8"/><Cell ss:StyleID="ce8"/><Cell ss:StyleID="ce8"/><Cell ss:StyleID="ce8"/><Cell ss:StyleID="ce8"/><Cell ss:StyleID="ce8"/><Cell ss:StyleID="ce8"/><Cell ss:StyleID="ce8"/><Cell ss:StyleID="ce8"/><Cell ss:StyleID="ce8"/><Cell ss:StyleID="ce8"/><Cell ss:StyleID="ce8"/><Cell ss:StyleID="ce8"/><Cell ss:StyleID="ce8"/><Cell ss:StyleID="ce8"/><Cell ss:StyleID="ce8"/><Cell ss:StyleID="ce8"/><Cell ss:StyleID="ce8"/><Cell ss:StyleID="ce8"/><Cell ss:StyleID="ce8"/><Cell ss:StyleID="ce8"/><Cell ss:StyleID="ce8"/><Cell ss:StyleID="ce8"/><Cell ss:StyleID="ce8"/><Cell ss:StyleID="ce8"/><Cell ss:StyleID="ce8"/><Cell ss:StyleID="ce8"/><Cell ss:StyleID="ce8"/><Cell ss:StyleID="ce8"/><Cell ss:StyleID="ce8"/><Cell ss:StyleID="ce8"/><Cell ss:StyleID="ce8"/><Cell ss:StyleID="ce8"/><Cell ss:StyleID="ce8"/><Cell ss:StyleID="ce8"/><Cell ss:StyleID="ce8"/><Cell ss:StyleID="ce8"/><Cell ss:StyleID="ce8"/><Cell ss:StyleID="ce8"/><Cell ss:StyleID="ce8"/><Cell ss:StyleID="ce8"/><Cell ss:StyleID="ce8"/><Cell ss:StyleID="ce8"/><Cell ss:StyleID="ce8"/><Cell ss:StyleID="ce8"/><Cell ss:StyleID="ce8"/><Cell ss:StyleID="ce8"/><Cell ss:StyleID="ce8"/><Cell ss:StyleID="ce8"/><Cell ss:StyleID="ce8"/><Cell ss:StyleID="ce8"/><Cell ss:StyleID="ce8"/><Cell ss:StyleID="ce8"/><Cell ss:StyleID="ce8"/><Cell ss:StyleID="ce8"/><Cell ss:StyleID="ce8"/><Cell ss:StyleID="ce8"/><Cell ss:StyleID="ce8"/><Cell ss:StyleID="ce8"/><Cell ss:StyleID="ce8"/><Cell ss:StyleID="ce8"/><Cell ss:StyleID="ce8"/><Cell ss:StyleID="ce8"/><Cell ss:StyleID="ce8"/><Cell ss:StyleID="ce8"/><Cell ss:StyleID="ce8"/><Cell ss:StyleID="ce8"/><Cell ss:StyleID="ce8"/><Cell ss:StyleID="ce8"/><Cell ss:StyleID="ce8"/><Cell ss:StyleID="ce8"/><Cell ss:StyleID="ce8"/><Cell ss:StyleID="ce8"/><Cell ss:StyleID="ce8"/><Cell ss:StyleID="ce8"/><Cell ss:StyleID="ce8"/><Cell ss:StyleID="ce8"/><Cell ss:StyleID="ce8"/><Cell ss:StyleID="ce8"/><Cell ss:StyleID="ce8"/><Cell ss:StyleID="ce8"/><Cell ss:StyleID="ce8"/><Cell ss:StyleID="ce8"/><Cell ss:StyleID="ce8"/><Cell ss:StyleID="ce8"/><Cell ss:StyleID="ce8"/><Cell ss:StyleID="ce8"/><Cell ss:StyleID="ce8"/><Cell ss:StyleID="ce8"/><Cell ss:StyleID="ce8"/><Cell ss:StyleID="ce8"/><Cell ss:StyleID="ce8"/><Cell ss:StyleID="ce8"/><Cell ss:StyleID="ce8"/><Cell ss:StyleID="ce8"/><Cell ss:StyleID="ce8"/><Cell ss:StyleID="ce8"/><Cell ss:StyleID="ce8"/><Cell ss:StyleID="ce8"/><Cell ss:StyleID="ce8"/><Cell ss:StyleID="ce8"/><Cell ss:StyleID="ce8"/><Cell ss:StyleID="ce8"/><Cell ss:StyleID="ce8"/><Cell ss:StyleID="ce8"/><Cell ss:StyleID="ce8"/><Cell ss:StyleID="ce8"/><Cell ss:StyleID="ce8"/><Cell ss:StyleID="ce8"/><Cell ss:StyleID="ce8"/><Cell ss:StyleID="ce8"/><Cell ss:StyleID="ce8"/><Cell ss:StyleID="ce8"/><Cell ss:StyleID="ce8"/><Cell ss:StyleID="ce8"/><Cell ss:StyleID="ce8"/><Cell ss:StyleID="ce8"/><Cell ss:StyleID="ce8"/><Cell ss:StyleID="ce8"/><Cell ss:StyleID="ce8"/><Cell ss:StyleID="ce8"/><Cell ss:StyleID="ce8"/><Cell ss:StyleID="ce8"/><Cell ss:StyleID="ce8"/><Cell ss:StyleID="ce8"/><Cell ss:StyleID="ce8"/><Cell ss:StyleID="ce8"/><Cell ss:StyleID="ce8"/><Cell ss:StyleID="ce8"/><Cell ss:StyleID="ce8"/><Cell ss:StyleID="ce8"/><Cell ss:StyleID="ce8"/><Cell ss:StyleID="ce8"/><Cell ss:StyleID="ce8"/><Cell ss:StyleID="ce8"/><Cell ss:StyleID="ce8"/><Cell ss:StyleID="ce8"/><Cell ss:StyleID="ce8"/><Cell ss:StyleID="ce8"/><Cell ss:StyleID="ce8"/><Cell ss:StyleID="ce8"/><Cell ss:StyleID="ce8"/><Cell ss:StyleID="ce8"/><Cell ss:StyleID="ce8"/><Cell ss:StyleID="ce8"/><Cell ss:StyleID="ce8"/><Cell ss:StyleID="ce8"/><Cell ss:StyleID="ce8"/><Cell ss:StyleID="ce8"/><Cell ss:StyleID="ce8"/><Cell ss:StyleID="ce8"/><Cell ss:StyleID="ce8"/><Cell ss:StyleID="ce8"/><Cell ss:StyleID="ce8"/><Cell ss:StyleID="ce8"/><Cell ss:StyleID="ce8"/><Cell ss:StyleID="ce8"/><Cell ss:StyleID="ce8"/><Cell ss:StyleID="ce8"/><Cell ss:StyleID="ce8"/><Cell ss:StyleID="ce8"/><Cell ss:StyleID="ce8"/><Cell ss:StyleID="ce8"/><Cell ss:StyleID="ce8"/><Cell ss:StyleID="ce8"/><Cell ss:StyleID="ce8"/><Cell ss:StyleID="ce8"/><Cell ss:StyleID="ce8"/><Cell ss:StyleID="ce8"/><Cell ss:StyleID="ce8"/><Cell ss:StyleID="ce8"/><Cell ss:StyleID="ce8"/><Cell ss:StyleID="ce8"/><Cell ss:StyleID="ce8"/><Cell ss:StyleID="ce8"/><Cell ss:StyleID="ce8"/><Cell ss:StyleID="ce8"/><Cell ss:StyleID="ce8"/><Cell ss:StyleID="ce8"/><Cell ss:StyleID="ce8"/><Cell ss:StyleID="ce8"/><Cell ss:StyleID="ce8"/><Cell ss:StyleID="ce8"/><Cell ss:StyleID="ce8"/><Cell ss:StyleID="ce8"/><Cell ss:StyleID="ce8"/><Cell ss:StyleID="ce8"/><Cell ss:StyleID="ce8"/><Cell ss:StyleID="ce8"/><Cell ss:StyleID="ce8"/><Cell ss:StyleID="ce8"/><Cell ss:StyleID="ce8"/><Cell ss:StyleID="ce8"/><Cell ss:StyleID="ce8"/><Cell ss:StyleID="ce8"/><Cell ss:StyleID="ce8"/><Cell ss:StyleID="ce8"/><Cell ss:StyleID="ce8"/><Cell ss:StyleID="ce8"/><Cell ss:StyleID="ce8"/><Cell ss:StyleID="ce8"/><Cell ss:StyleID="ce8"/><Cell ss:StyleID="ce8"/><Cell ss:StyleID="ce8"/><Cell ss:StyleID="ce8"/><Cell ss:StyleID="ce8"/><Cell ss:StyleID="ce8"/><Cell ss:StyleID="ce8"/><Cell ss:StyleID="ce8"/><Cell ss:StyleID="ce8"/><Cell ss:StyleID="ce8"/><Cell ss:StyleID="ce8"/><Cell ss:StyleID="ce8"/><Cell ss:StyleID="ce8"/><Cell ss:StyleID="ce8"/><Cell ss:StyleID="ce8"/><Cell ss:StyleID="ce8"/><Cell ss:StyleID="ce8"/><Cell ss:StyleID="ce8"/><Cell ss:StyleID="ce8"/><Cell ss:StyleID="ce8"/><Cell ss:StyleID="ce8"/><Cell ss:StyleID="ce8"/><Cell ss:StyleID="ce8"/><Cell ss:StyleID="ce8"/><Cell ss:StyleID="ce8"/><Cell ss:StyleID="ce8"/><Cell ss:StyleID="ce8"/><Cell ss:StyleID="ce8"/><Cell ss:StyleID="ce8"/><Cell ss:StyleID="ce8"/><Cell ss:StyleID="ce8"/><Cell ss:StyleID="ce8"/><Cell ss:StyleID="ce8"/><Cell ss:StyleID="ce8"/><Cell ss:StyleID="ce8"/><Cell ss:StyleID="ce8"/><Cell ss:StyleID="ce8"/><Cell ss:StyleID="ce8"/><Cell ss:StyleID="ce8"/><Cell ss:StyleID="ce8"/><Cell ss:StyleID="ce8"/><Cell ss:StyleID="ce8"/><Cell ss:StyleID="ce8"/><Cell ss:StyleID="ce8"/><Cell ss:StyleID="ce8"/><Cell ss:StyleID="ce8"/><Cell ss:StyleID="ce8"/><Cell ss:StyleID="ce8"/><Cell ss:StyleID="ce8"/><Cell ss:StyleID="ce8"/><Cell ss:StyleID="ce8"/><Cell ss:StyleID="ce8"/><Cell ss:StyleID="ce8"/><Cell ss:StyleID="ce8"/><Cell ss:StyleID="ce8"/><Cell ss:StyleID="ce8"/><Cell ss:StyleID="ce8"/><Cell ss:StyleID="ce8"/><Cell ss:StyleID="ce8"/><Cell ss:StyleID="ce8"/><Cell ss:StyleID="ce8"/><Cell ss:StyleID="ce8"/><Cell ss:StyleID="ce8"/><Cell ss:StyleID="ce8"/><Cell ss:StyleID="ce8"/><Cell ss:StyleID="ce8"/><Cell ss:StyleID="ce8"/><Cell ss:StyleID="ce8"/><Cell ss:StyleID="ce8"/><Cell ss:StyleID="ce8"/><Cell ss:StyleID="ce8"/><Cell ss:StyleID="ce8"/><Cell ss:StyleID="ce8"/><Cell ss:StyleID="ce8"/><Cell ss:StyleID="ce8"/><Cell ss:StyleID="ce8"/><Cell ss:StyleID="ce8"/><Cell ss:StyleID="ce8"/><Cell ss:StyleID="ce8"/><Cell ss:StyleID="ce8"/><Cell ss:StyleID="ce8"/><Cell ss:StyleID="ce8"/><Cell ss:StyleID="ce8"/><Cell ss:StyleID="ce8"/><Cell ss:StyleID="ce8"/><Cell ss:StyleID="ce8"/><Cell ss:StyleID="ce8"/><Cell ss:StyleID="ce8"/><Cell ss:StyleID="ce8"/><Cell ss:StyleID="ce8"/><Cell ss:StyleID="ce8"/><Cell ss:StyleID="ce8"/><Cell ss:StyleID="ce8"/><Cell ss:StyleID="ce8"/><Cell ss:StyleID="ce8"/><Cell ss:StyleID="ce8"/><Cell ss:StyleID="ce8"/><Cell ss:StyleID="ce8"/><Cell ss:StyleID="ce8"/><Cell ss:StyleID="ce8"/><Cell ss:StyleID="ce8"/><Cell ss:StyleID="ce8"/><Cell ss:StyleID="ce8"/><Cell ss:StyleID="ce8"/><Cell ss:StyleID="ce8"/><Cell ss:StyleID="ce8"/><Cell ss:StyleID="ce8"/><Cell ss:StyleID="ce8"/><Cell ss:StyleID="ce8"/><Cell ss:StyleID="ce8"/><Cell ss:StyleID="ce8"/><Cell ss:StyleID="ce8"/><Cell ss:StyleID="ce8"/><Cell ss:StyleID="ce8"/><Cell ss:StyleID="ce8"/><Cell ss:StyleID="ce8"/><Cell ss:StyleID="ce8"/><Cell ss:StyleID="ce8"/><Cell ss:StyleID="ce8"/><Cell ss:StyleID="ce8"/><Cell ss:StyleID="ce8"/><Cell ss:StyleID="ce8"/><Cell ss:StyleID="ce8"/><Cell ss:StyleID="ce8"/><Cell ss:StyleID="ce8"/><Cell ss:StyleID="ce8"/><Cell ss:StyleID="ce8"/><Cell ss:StyleID="ce8"/><Cell ss:StyleID="ce8"/><Cell ss:StyleID="ce8"/><Cell ss:StyleID="ce8"/><Cell ss:StyleID="ce8"/><Cell ss:StyleID="ce8"/><Cell ss:StyleID="ce8"/><Cell ss:StyleID="ce8"/><Cell ss:StyleID="ce8"/><Cell ss:StyleID="ce8"/><Cell ss:StyleID="ce8"/><Cell ss:StyleID="ce8"/><Cell ss:StyleID="ce8"/><Cell ss:StyleID="ce8"/><Cell ss:StyleID="ce8"/><Cell ss:StyleID="ce8"/><Cell ss:StyleID="ce8"/><Cell ss:StyleID="ce8"/><Cell ss:StyleID="ce8"/><Cell ss:StyleID="ce8"/><Cell ss:StyleID="ce8"/><Cell ss:StyleID="ce8"/><Cell ss:StyleID="ce8"/><Cell ss:StyleID="ce8"/><Cell ss:StyleID="ce8"/><Cell ss:StyleID="ce8"/><Cell ss:StyleID="ce8"/><Cell ss:StyleID="ce8"/><Cell ss:StyleID="ce8"/><Cell ss:StyleID="ce8"/><Cell ss:StyleID="ce8"/><Cell ss:StyleID="ce8"/><Cell ss:StyleID="ce8"/><Cell ss:StyleID="ce8"/><Cell ss:StyleID="ce8"/><Cell ss:StyleID="ce8"/><Cell ss:StyleID="ce8"/><Cell ss:StyleID="ce8"/><Cell ss:StyleID="ce8"/><Cell ss:StyleID="ce8"/><Cell ss:StyleID="ce8"/><Cell ss:StyleID="ce8"/><Cell ss:StyleID="ce8"/><Cell ss:StyleID="ce8"/><Cell ss:StyleID="ce8"/><Cell ss:StyleID="ce8"/><Cell ss:StyleID="ce8"/><Cell ss:StyleID="ce8"/><Cell ss:StyleID="ce8"/><Cell ss:StyleID="ce8"/><Cell ss:StyleID="ce8"/><Cell ss:StyleID="ce8"/><Cell ss:StyleID="ce8"/><Cell ss:StyleID="ce8"/><Cell ss:StyleID="ce8"/><Cell ss:StyleID="ce8"/><Cell ss:StyleID="ce8"/><Cell ss:StyleID="ce8"/><Cell ss:StyleID="ce8"/><Cell ss:StyleID="ce8"/><Cell ss:StyleID="ce8"/><Cell ss:StyleID="ce8"/><Cell ss:StyleID="ce8"/><Cell ss:StyleID="ce8"/><Cell ss:StyleID="ce8"/><Cell ss:StyleID="ce8"/><Cell ss:StyleID="ce8"/><Cell ss:StyleID="ce8"/><Cell ss:StyleID="ce8"/><Cell ss:StyleID="ce8"/><Cell ss:StyleID="ce8"/><Cell ss:StyleID="ce8"/><Cell ss:StyleID="ce8"/><Cell ss:StyleID="ce8"/><Cell ss:StyleID="ce8"/><Cell ss:StyleID="ce8"/><Cell ss:StyleID="ce8"/><Cell ss:StyleID="ce8"/><Cell ss:StyleID="ce8"/><Cell ss:StyleID="ce8"/><Cell ss:StyleID="ce8"/><Cell ss:StyleID="ce8"/><Cell ss:StyleID="ce8"/><Cell ss:StyleID="ce8"/><Cell ss:StyleID="ce8"/><Cell ss:StyleID="ce8"/><Cell ss:StyleID="ce8"/><Cell ss:StyleID="ce8"/><Cell ss:StyleID="ce8"/><Cell ss:StyleID="ce8"/><Cell ss:StyleID="ce8"/><Cell ss:StyleID="ce8"/><Cell ss:StyleID="ce8"/><Cell ss:StyleID="ce8"/><Cell ss:StyleID="ce8"/><Cell ss:StyleID="ce8"/><Cell ss:StyleID="ce8"/><Cell ss:StyleID="ce8"/><Cell ss:StyleID="ce8"/><Cell ss:StyleID="ce8"/><Cell ss:StyleID="ce8"/><Cell ss:StyleID="ce8"/><Cell ss:StyleID="ce8"/><Cell ss:StyleID="ce8"/><Cell ss:StyleID="ce8"/><Cell ss:StyleID="ce8"/><Cell ss:StyleID="ce8"/><Cell ss:StyleID="ce8"/><Cell ss:StyleID="ce8"/><Cell ss:StyleID="ce8"/><Cell ss:StyleID="ce8"/><Cell ss:StyleID="ce8"/><Cell ss:StyleID="ce8"/><Cell ss:StyleID="ce8"/><Cell ss:StyleID="ce8"/><Cell ss:StyleID="ce8"/><Cell ss:StyleID="ce8"/><Cell ss:StyleID="ce8"/><Cell ss:StyleID="ce8"/><Cell ss:StyleID="ce8"/><Cell ss:StyleID="ce8"/><Cell ss:StyleID="ce8"/><Cell ss:StyleID="ce8"/><Cell ss:StyleID="ce8"/><Cell ss:StyleID="ce8"/><Cell ss:StyleID="ce8"/><Cell ss:StyleID="ce8"/><Cell ss:StyleID="ce8"/><Cell ss:StyleID="ce8"/><Cell ss:StyleID="ce8"/><Cell ss:StyleID="ce8"/><Cell ss:StyleID="ce8"/><Cell ss:StyleID="ce8"/><Cell ss:StyleID="ce8"/><Cell ss:StyleID="ce8"/><Cell ss:StyleID="ce8"/><Cell ss:StyleID="ce8"/><Cell ss:StyleID="ce8"/><Cell ss:StyleID="ce8"/><Cell ss:StyleID="ce8"/><Cell ss:StyleID="ce8"/><Cell ss:StyleID="ce8"/><Cell ss:StyleID="ce8"/><Cell ss:StyleID="ce8"/><Cell ss:StyleID="ce8"/><Cell ss:StyleID="ce8"/><Cell ss:StyleID="ce8"/><Cell ss:StyleID="ce8"/><Cell ss:StyleID="ce8"/><Cell ss:StyleID="ce8"/><Cell ss:StyleID="ce8"/><Cell ss:StyleID="ce8"/><Cell ss:StyleID="ce8"/><Cell ss:StyleID="ce8"/><Cell ss:StyleID="ce8"/><Cell ss:StyleID="ce8"/><Cell ss:StyleID="ce8"/><Cell ss:StyleID="ce8"/><Cell ss:StyleID="ce8"/><Cell ss:StyleID="ce8"/><Cell ss:StyleID="ce8"/><Cell ss:StyleID="ce8"/><Cell ss:StyleID="ce8"/><Cell ss:StyleID="ce8"/><Cell ss:StyleID="ce8"/><Cell ss:StyleID="ce8"/><Cell ss:StyleID="ce8"/><Cell ss:StyleID="ce8"/><Cell ss:StyleID="ce8"/><Cell ss:StyleID="ce8"/><Cell ss:StyleID="ce8"/><Cell ss:StyleID="ce8"/><Cell ss:StyleID="ce8"/><Cell ss:StyleID="ce8"/><Cell ss:StyleID="ce8"/><Cell ss:StyleID="ce8"/><Cell ss:StyleID="ce8"/><Cell ss:StyleID="ce8"/><Cell ss:StyleID="ce8"/><Cell ss:StyleID="ce8"/><Cell ss:StyleID="ce8"/><Cell ss:StyleID="ce8"/><Cell ss:StyleID="ce8"/><Cell ss:StyleID="ce8"/><Cell ss:StyleID="ce8"/><Cell ss:StyleID="ce8"/><Cell ss:StyleID="ce8"/><Cell ss:StyleID="ce8"/><Cell ss:StyleID="ce8"/><Cell ss:StyleID="ce8"/><Cell ss:StyleID="ce8"/><Cell ss:StyleID="ce8"/><Cell ss:StyleID="ce8"/><Cell ss:StyleID="ce8"/><Cell ss:StyleID="ce8"/><Cell ss:StyleID="ce8"/><Cell ss:StyleID="ce8"/><Cell ss:StyleID="ce8"/><Cell ss:StyleID="ce8"/><Cell ss:StyleID="ce8"/><Cell ss:StyleID="ce8"/><Cell ss:StyleID="ce8"/><Cell ss:StyleID="ce8"/><Cell ss:StyleID="ce8"/><Cell ss:StyleID="ce8"/><Cell ss:StyleID="ce8"/><Cell ss:StyleID="ce8"/><Cell ss:StyleID="ce8"/><Cell ss:StyleID="ce8"/><Cell ss:StyleID="ce8"/><Cell ss:StyleID="ce8"/><Cell ss:StyleID="ce8"/><Cell ss:StyleID="ce8"/><Cell ss:StyleID="ce8"/><Cell ss:StyleID="ce8"/><Cell ss:StyleID="ce8"/><Cell ss:StyleID="ce8"/><Cell ss:StyleID="ce8"/><Cell ss:StyleID="ce8"/><Cell ss:StyleID="ce8"/><Cell ss:StyleID="ce8"/><Cell ss:StyleID="ce8"/><Cell ss:StyleID="ce8"/><Cell ss:StyleID="ce8"/><Cell ss:StyleID="ce8"/><Cell ss:StyleID="ce8"/><Cell ss:StyleID="ce8"/><Cell ss:StyleID="ce8"/><Cell ss:StyleID="ce8"/><Cell ss:StyleID="ce8"/><Cell ss:StyleID="ce8"/><Cell ss:StyleID="ce8"/><Cell ss:StyleID="ce8"/><Cell ss:StyleID="ce8"/><Cell ss:StyleID="ce8"/><Cell ss:StyleID="ce8"/><Cell ss:StyleID="ce8"/><Cell ss:StyleID="ce8"/><Cell ss:StyleID="ce8"/><Cell ss:StyleID="ce8"/><Cell ss:StyleID="ce8"/><Cell ss:StyleID="ce8"/><Cell ss:StyleID="ce8"/><Cell ss:StyleID="ce8"/><Cell ss:StyleID="ce8"/><Cell ss:StyleID="ce8"/><Cell ss:StyleID="ce8"/><Cell ss:StyleID="ce8"/><Cell ss:StyleID="ce8"/><Cell ss:StyleID="ce8"/><Cell ss:StyleID="ce8"/><Cell ss:StyleID="ce8"/><Cell ss:StyleID="ce8"/><Cell ss:StyleID="ce8"/><Cell ss:StyleID="ce8"/><Cell ss:StyleID="ce8"/><Cell ss:StyleID="ce8"/><Cell ss:StyleID="ce8"/><Cell ss:StyleID="ce8"/><Cell ss:StyleID="ce8"/><Cell ss:StyleID="ce8"/><Cell ss:StyleID="ce8"/><Cell ss:StyleID="ce8"/><Cell ss:StyleID="ce8"/><Cell ss:StyleID="ce8"/><Cell ss:StyleID="ce8"/></Row><Row ss:Height="12.8126"><Cell><Data ss:Type="Number">121345678</Data></Cell><Cell><Data ss:Type="Number">1934628201</Data></Cell><Cell><Data ss:Type="String">Miss</Data></Cell><Cell><Data ss:Type="String">Gloria</Data></Cell><Cell><Data ss:Type="String">Smith</Data></Cell><Cell><Data ss:Type="String">female</Data></Cell><Cell ss:StyleID="ce9"><Data ss:Type="DateTime">1975-01-24T00:00:00.000</Data></Cell><Cell><Data ss:Type="String">The Grange</Data></Cell><Cell><Data ss:Type="String">Runcorn</Data></Cell><Cell><Data ss:Type="String">RN1 2EE</Data></Cell><Cell ss:Index="1022"/></Row><Row ss:Height="12.8126"><Cell><Data ss:Type="Number">448858585</Data></Cell><Cell><Data ss:Type="Number">1839030488</Data></Cell><Cell><Data ss:Type="String">Mr</Data></Cell><Cell><Data ss:Type="String">Arthur</Data></Cell><Cell><Data ss:Type="String">Brown</Data></Cell><Cell><Data ss:Type="String">male</Data></Cell><Cell ss:StyleID="ce9"><Data ss:Type="DateTime">2003-06-26T00:00:00.000</Data></Cell><Cell><Data ss:Type="String">10 Rose Lane</Data></Cell><Cell><Data ss:Type="String">Oxford</Data></Cell><Cell><Data ss:Type="String">OX4 1AR</Data></Cell><Cell ss:Index="1022"/></Row><Row ss:Height="12.8126"><Cell><Data ss:Type="Number">879595049</Data></Cell><Cell><Data ss:Type="Number">1739495806</Data></Cell><Cell><Data ss:Type="String">Mr</Data></Cell><Cell><Data ss:Type="String">Sherlock</Data></Cell><Cell><Data ss:Type="String">Leman</Data></Cell><Cell><Data ss:Type="String">male</Data></Cell><Cell ss:StyleID="ce9"><Data ss:Type="DateTime">1927-10-21T00:00:00.000</Data></Cell><Cell><Data ss:Type="String">221 Baker St</Data></Cell><Cell><Data ss:Type="String">London</Data></Cell><Cell><Data ss:Type="String">SW11 3EB</Data></Cell><Cell ss:Index="1022"/></Row></Table><x:WorksheetOptions/></ss:Worksheet><ss:Worksheet ss:Name="Sheet2"><Table ss:StyleID="ta1"><Column ss:Width="64.2614"/><Row ss:Height="12.8409"><Cell ss:Index="1"/></Row></Table><x:WorksheetOptions/></ss:Worksheet><ss:Worksheet ss:Name="Sheet3"><Table ss:StyleID="ta1"><Column ss:Width="64.2614"/><Row ss:Height="12.8409"><Cell ss:Index="1"/></Row></Table><x:WorksheetOptions/></ss:Worksheet></Workbook>